{
  "parent": "item/generated",
  "textures": {
      "layer0": "item/diamond"
  },
"overrides": 
[
  { "predicate": { "custom_model_data": 6380001}, "model": "diamonds/red_diamond"},	
  { "predicate": { "custom_model_data": 6380002}, "model": "diamonds/blue_diamond"},	
  { "predicate": { "custom_model_data": 6380003}, "model": "diamonds/adventurer_amulet"},
  { "predicate": { "custom_model_data": 6380004}, "model": "diamonds/4"},	
  { "predicate": { "custom_model_data": 6380005}, "model": "diamonds/5"},	
  { "predicate": { "custom_model_data": 6380006}, "model": "diamonds/6"},	
  { "predicate": { "custom_model_data": 6380007}, "model": "diamonds/7"}	
]

}